{
  "images" : [
    {
      "idiom" : "iphone",
      "scale" : "2x",
      "size" : "20x20"
    },
    {
      "idiom" : "iphone",
      "scale" : "3x",
      "size" : "20x20"
    },
    {
      "filename" : "u=2248869655,1575121622&fm=26&gp=0 2-1.jpg",
      "idiom" : "iphone",
      "scale" : "2x",
      "size" : "29x29"
    },
    {
      "filename" : "u=2248869655,1575121622&fm=26&gp=0 2.jpg",
      "idiom" : "iphone",
      "scale" : "3x",
      "size" : "29x29"
    },
    {
      "idiom" : "iphone",
      "scale" : "2x",
      "size" : "40x40"
    },
    {
      "idiom" : "iphone",
      "scale" : "3x",
      "size" : "40x40"
    },
    {
      "filename" : "u=2248869655,1575121622&fm=26&gp=0 3-1.jpg",
      "idiom" : "iphone",
      "scale" : "2x",
      "size" : "60x60"
    },
    {
      "filename" : "u=2248869655,1575121622&fm=26&gp=0 3.jpg",
      "idiom" : "iphone",
      "scale" : "3x",
      "size" : "60x60"
    },
    {
      "filename" : "u=2248869655,1575121622&fm=15&gp=0.jpg",
      "idiom" : "ios-marketing",
      "scale" : "1x",
      "size" : "1024x1024"
    }
  ],
  "info" : {
    "author" : "xcode",
    "version" : 1
  }
}
